## :memo: Overview

グループ化の単位がそもそもない、または簡単には作れない場合に、グループ識別子を作る問題。

## :floppy_disk: Database

PostgreSQL

## :bookmark: Tag

`row_number`, `max over`, `lag`

## :pencil2: Example

まずはサンプルデータを用意する。何らかのシステムがあって、なんかの処理の成功と失敗を別々のテーブルにわけて管理していて、成功している期間、失敗している期間を集計したいという問題。

```sql
create table flog(fail_dt date);
insert into flog(fail_dt)
values
('2018-12-28'),
('2018-12-29'),
('2019-01-04'),
('2019-01-05');

create table slog(success_dt date);
insert into slog(success_dt)
values
('2018-12-30'),
('2018-12-31'),
('2019-01-01'),
('2019-01-02'),
('2019-01-03'),
('2019-01-06');
```

とりあえず、1 つのテーブルにまとめて、ステータスの状態を表示させる。この状態だと、集計単位がないので、成功と失敗の開始点と終了点がうまく取得できない。

```sql
with s as (
select success_dt as dt, 'succeeded' as status, 1 as status_val from slog
), f as (
select fail_dt as dt, 'failed' as status, 0 as status_val from flog
), sf as (
select dt, status, status_val from s
union all
select dt, status, status_val from f
)
select * from sf order by dt asc;

     dt     |  status   | status_val
------------+-----------+------------
 2018-12-28 | failed    |          0
 2018-12-29 | failed    |          0
 2018-12-30 | succeeded |          1
 2018-12-31 | succeeded |          1
 2019-01-01 | succeeded |          1
 2019-01-02 | succeeded |          1
 2019-01-03 | succeeded |          1
 2019-01-04 | failed    |          0
 2019-01-05 | failed    |          0
 2019-01-06 | succeeded |          1
(10 rows)
```

ステータスの切り替えポイントを作成して、

```sql
with s as (
select success_dt as dt, 'succeeded' as status, 1 as status_val from slog
), f as (
select fail_dt as dt, 'failed' as status, 0 as status_val from flog
), sf as (
select dt, status, status_val from s
union all
select dt, status, status_val from f
)
select dt, status, status_val,
row_number() over(order by dt asc) as id,
lag(status_val, 1) over(order by dt asc) as lagflag
from sf
order by dt asc;

order by dt asc;
     dt     |  status   | status_val | id | lagflag
------------+-----------+------------+----+---------
 2018-12-28 | failed    |          0 |  1 |
 2018-12-29 | failed    |          0 |  2 |       0
 2018-12-30 | succeeded |          1 |  3 |       0
 2018-12-31 | succeeded |          1 |  4 |       1
 2019-01-01 | succeeded |          1 |  5 |       1
 2019-01-02 | succeeded |          1 |  6 |       1
 2019-01-03 | succeeded |          1 |  7 |       1
 2019-01-04 | failed    |          0 |  8 |       1
 2019-01-05 | failed    |          0 |  9 |       0
 2019-01-06 | succeeded |          1 | 10 |       0
(10 rows)
```

切り替えポイントで値を取得する。

```sql
with s as (
select success_dt as dt, 'succeeded' as status, 1 as status_val from slog
), f as (
select fail_dt as dt, 'failed' as status, 0 as status_val from flog
), sf as (
select dt, status, status_val from s
union all
select dt, status, status_val from f
), sf2 as (
select dt, status, status_val,
row_number() over(order by dt asc) as id,
lag(status_val, 1) over(order by dt asc) as lagflag
from sf
order by dt asc
)
select dt, status, status_val, id, lagflag,
case when (status_val = 1 and lagflag = 0) or (status_val = 0 and lagflag = 1) then id else 0 end as g
from sf2
;

     dt     |  status   | status_val | id | lagflag | g
------------+-----------+------------+----+---------+----
 2018-12-28 | failed    |          0 |  1 |         |  0
 2018-12-29 | failed    |          0 |  2 |       0 |  0
 2018-12-30 | succeeded |          1 |  3 |       0 |  3
 2018-12-31 | succeeded |          1 |  4 |       1 |  0
 2019-01-01 | succeeded |          1 |  5 |       1 |  0
 2019-01-02 | succeeded |          1 |  6 |       1 |  0
 2019-01-03 | succeeded |          1 |  7 |       1 |  0
 2019-01-04 | failed    |          0 |  8 |       1 |  8
 2019-01-05 | failed    |          0 |  9 |       0 |  0
 2019-01-06 | succeeded |          1 | 10 |       0 | 10
(10 rows)
```

あとはこの値をウインドウ関数を使用して、`max()`で値を引き延ばせば、切り替えポイントごとにグループができる。

```sql

with s as (
select success_dt as dt, 'succeeded' as status, 1 as status_val from slog
), f as (
select fail_dt as dt, 'failed' as status, 0 as status_val from flog
), sf as (
select dt, status, status_val from s
union all
select dt, status, status_val from f
), sf2 as (
select dt, status, status_val,
row_number() over(order by dt asc) as id,
lag(status_val, 1) over(order by dt asc) as lagflag
from sf
order by dt asc
), sf3 as (
select dt, status, status_val, id, lagflag,
case when (status_val = 1 and lagflag = 0) or (status_val = 0 and lagflag = 1) then id else 0 end as g
from sf2
)
select dt, status, status_val, id, lagflag, g,
max(g) over(order by id asc) as g2
from sf3
;

     dt     |  status   | status_val | id | lagflag | g  | g2
------------+-----------+------------+----+---------+----+----
 2018-12-28 | failed    |          0 |  1 |         |  0 |  0
 2018-12-29 | failed    |          0 |  2 |       0 |  0 |  0
 2018-12-30 | succeeded |          1 |  3 |       0 |  3 |  3
 2018-12-31 | succeeded |          1 |  4 |       1 |  0 |  3
 2019-01-01 | succeeded |          1 |  5 |       1 |  0 |  3
 2019-01-02 | succeeded |          1 |  6 |       1 |  0 |  3
 2019-01-03 | succeeded |          1 |  7 |       1 |  0 |  3
 2019-01-04 | failed    |          0 |  8 |       1 |  8 |  8
 2019-01-05 | failed    |          0 |  9 |       0 |  0 |  8
 2019-01-06 | succeeded |          1 | 10 |       0 | 10 | 10
(10 rows)
```

このグループ識別子を利用して集計すれば、ステータスの日付期間ごとにわかる。

```sql

with s as (
select success_dt as dt, 'succeeded' as status, 1 as status_val from slog
), f as (
select fail_dt as dt, 'failed' as status, 0 as status_val from flog
), sf as (
select dt, status, status_val from s
union all
select dt, status, status_val from f
), sf2 as (
select dt, status, status_val,
row_number() over(order by dt asc) as id,
lag(status_val, 1) over(order by dt asc) as lagflag
from sf
order by dt asc
), sf3 as (
select dt, status, status_val, id, lagflag,
case when (status_val = 1 and lagflag = 0) or (status_val = 0 and lagflag = 1) then id else 0 end as g
from sf2
), sf4 as (
select dt, status, status_val, id, lagflag, g,
max(g) over(order by id asc) as g2
from sf3)
select
    g2, min(dt), max(dt), max(status)
from sf4
group by g2
order by g2 asc
;

 g2 |    min     |    max     |    max
----+------------+------------+-----------
  0 | 2018-12-28 | 2018-12-29 | failed
  3 | 2018-12-30 | 2019-01-03 | succeeded
  8 | 2019-01-04 | 2019-01-05 | failed
 10 | 2019-01-06 | 2019-01-06 | succeeded
(4 rows)
```

## :closed_book: Reference

None
