## :memo: Overview（作成中）

こここでは、データを分析する前にテーブルの異常値(重複を検知して除外する)を見つける方法をまとめておく。

## :floppy_disk: Database

PostgreSQL

## :bookmark: Tag

`distinct`、`group by`、`row_number`

## :pencil2: Example

まずはテーブルの重複を検知するための SQL。何らかの形で意図していない値がデーターベースに記録されるはよくある。その結果、重複が発生したりする。調べる方法は簡単で、全てのカラムをグループ化して集計すればよい。

```sql
create table dup (col1 varchar(10), col2 varchar(10), col3 varchar(10), col4 varchar(10), col5 varchar(10));
insert into dup
    (col1, col2, col3, col4, col5)
values
    ('a', 'b', 'c', 'd', 'I'),
    ('a', 'b', 'c', 'd', '1'),
    ('a', 'b', 'c', 'd', 'O'),
    ('a', 'b', 'c', 'd', '0'), -- 重複
    ('a', 'b', 'c', 'd', '0')  -- 重複
;

select col1, col2, col3, col4, col5, count(*)
from dup
group by col1, col2, col3, col4, col5
having count(*) > 1
;

 col1 | col2 | col3 | col4 | col5 | count
------+------+------+------+------+-------
 a    | b    | c    | d    | 0    |     2
```

この方法だとカラム数が多くなると少し大変だが、`*`を使えるのは`select`のみなので注意が必要。

```sql
select *, count(*)
from dup
group by *
having count(*) > 1
;

syntax error at or near "*"
LINE 3: group by *
```

重複を削除する方法は`distinct`と`group by`の 2 通りある。`distinct`の場合は、`select`のあとに`distinct`を付与することで、選択されたカラムの組み合わせの中から重複を削除する。

```sql
select distinct col1, col2, col3, col4, col5
from dup
;
 col1 | col2 | col3 | col4 | col5
------+------+------+------+------
 a    | b    | c    | d    | 0
 a    | b    | c    | d    | 1
 a    | b    | c    | d    | O
 a    | b    | c    | d    | I
(4 rows)

-- *を使う方法
select distinct * from dup;
 col1 | col2 | col3 | col4 | col5
------+------+------+------+------
 a    | b    | c    | d    | 0
 a    | b    | c    | d    | 1
 a    | b    | c    | d    | O
 a    | b    | c    | d    | I
```

`group by`の方法でも同じく、グループ化単位の中で重複する組み合わせを削除する。

```sql
select col1, col2, col3, col4, col5
from dup
group by col1, col2, col3, col4, col5
;

 col1 | col2 | col3 | col4 | col5
------+------+------+------+------
 a    | b    | c    | d    | 0
 a    | b    | c    | d    | 1
 a    | b    | c    | d    | O
 a    | b    | c    | d    | I
 (4 rows)

-- *を使う方法
select *
from dup
group by col1, col2, col3, col4, col5
;
```

重複を削除する方法は素直に`distinct`、`group by`、`row_number`を使って除外する。わざわざ`row_number`を使う必要はないが、アイデアとして残しておく。`row_number`を使う方法はカテゴリごとに集合をカットして、連番をふった後に 1 番だけを取得するという方法。

```sql
-- select distinct
select distinct
    job
from
    emp
;

    job
-----------
 CLERK
 PRESIDENT
 MANAGER
 SALESMAN
 ANALYST
(5 rows)

-- group by
select
    job
from
    emp
group by
    job
;

    job
-----------
 CLERK
 PRESIDENT
 MANAGER
 SALESMAN
 ANALYST
(5 rows)

-- row_number
select
    s.job
from
    (select
    job,
    row_number() over(partition by job order by job) as num
from
    emp) as s
where
    s.num = 1
;

    job
-----------
 ANALYST
 CLERK
 MANAGER
 PRESIDENT
 SALESMAN
(5 rows)
```

## :closed_book: Reference

None
