## :memo: Overview

直積から非等値結合などなど[MySQL JOIN Types Poster](http://stevestedman.com/2015/03/mysql-join-types-poster/)に書いてある様々な`join`を PostgreSQL で実際に書いてみる。

## :floppy_disk: Database

PostgreSQL

## :bookmark: Tag

`inner join`, `left join`, `full join`, `cross join`, `inequality left join`, `inequality inner join`

## :pencil2: Example

![MySqlJoinTypesThumbnail-774x1024](https://user-images.githubusercontent.com/65038325/188677393-bce206b5-c768-4482-8e8d-6ef5963928a1.png)

とりあえずサンプルデータ。

```sql
create table le(id integer);
insert into le(id)
values('1'),('2'),('3'),('4'),('6');

create table ri(id integer);
insert into ri(id)
values('1'),('3'),('5');
```

`inner join`

```sql
select l.id as lid, r.id as rid
from le as l
inner join ri as r
on l.id = r.id
order by l.id asc, r.id asc
;

 lid | rid
-----+-----
   1 |   1
   3 |   3
(2 rows)
```

`inner join`の`exists`版

```sql
select l.id as lid
from le as l
where exists (select 1 from ri as r where l.id = r.id)
order by l.id asc
;

 lid
-----
   1
   3
(2 rows)
```

`left join`

```sql
select l.id as lid, r.id as rid
from le as l
left join ri as r
on l.id = r.id
order by l.id asc, r.id asc
;

 lid | rid
-----+-----
   1 |   1
   2 |
   3 |   3
   4 |
   6 |
(5 rows)
```

`left join with exclusion`。これは Frustrated join(挫折結合)とも呼ばれる。

```sql
select l.id as lid, r.id as rid
from le as l
left join ri as r
on l.id = r.id
where r.id is null
order by l.id asc, r.id asc
;

 lid | rid
-----+-----
   2 |
   4 |
   6 |
(3 rows)
```

`left join with exclusion`の`exists`版

```sql
select l.id as lid
from le as l
where not exists (select 1 from ri as r where l.id = r.id)
order by l.id asc
;

 lid
-----
   2
   4
   6
(3 rows)
```

`full join`

```sql
select l.id as lid, r.id as rid
from le as l
full join ri as r
on l.id = r.id
order by l.id asc, r.id asc
;

 lid | rid
-----+-----
   1 |   1
   2 |
   3 |   3
   4 |
   6 |
     |   5
(6 rows)
```

`full join with exclusion`

```sql
select l.id as lid, r.id as rid
from le as l
full join ri as r
on l.id = r.id
where l.id is null or r.id is null
order by l.id asc, r.id asc
;

 lid | rid
-----+-----
   2 |
   4 |
   6 |
     |   5
(4 rows)
```

`cross join`

```sql
select l.id, r.id
from le as l
cross join ri as r
;

 id | id
----+----
  1 |  1
  1 |  3
  1 |  5
~~~~~~~~~~~~
  2 |  1
  2 |  3
  2 |  5
~~~~~~~~~~~~
  3 |  1
  3 |  3
  3 |  5
~~~~~~~~~~~~
  4 |  1
  4 |  3
  4 |  5
~~~~~~~~~~~~
  6 |  1
  6 |  3
  6 |  5
(15 rows)
```

`inequality left join`の`l.id >= r.id`版。`inequality join`が理解できない場合、`nested loop join`の仕組みを理解するのが良いと思っている。レコードをループさせて、不等号の条件を満たすものが紐づくと考えるとわかりやすと思う。他には、`join`の基本形の直積とかのイメージを持つことも役に立つと思う。

```sql
select l.id as lid, r.id as rid
from le as l
left join ri as r
on l.id >= r.id
order by l.id asc, r.id asc
;

 lid | rid
-----+-----
   1 |   1
~~~~~~~~~~~~
   2 |   1
~~~~~~~~~~~~
   3 |   1
   3 |   3
~~~~~~~~~~~~
   4 |   1
   4 |   3
~~~~~~~~~~~~
   6 |   1
   6 |   3
   6 |   5
(9 rows)
```

`inequality inner join`の`l.id >= r.id`版

```sql
select l.id as lid, r.id as rid
from le as l
inner join ri as r
on l.id >= r.id
order by l.id asc, r.id asc
;

 lid | rid
-----+-----
   1 |   1
~~~~~~~~~~~~
   2 |   1
~~~~~~~~~~~~
   3 |   1
   3 |   3
~~~~~~~~~~~~
   4 |   1
   4 |   3
~~~~~~~~~~~~
   6 |   1
   6 |   3
   6 |   5
(9 rows)
```

`inequality left join`の`l.id <= r.id`版

```sql
select l.id as lid, r.id as rid
from le as l
left join ri as r
on l.id <= r.id
order by l.id asc, r.id asc
;

 lid | rid
-----+-----
   1 |   1
   1 |   3
   1 |   5
~~~~~~~~~~~~
   2 |   3
   2 |   5
~~~~~~~~~~~~
   3 |   3
   3 |   5
~~~~~~~~~~~~
   4 |   5
~~~~~~~~~~~~
   6 |
(9 rows)
```

`inequality inner join`の`l.id <= r.id`版

```sql
select l.id as lid, r.id as rid
from le as l
inner join ri as r
on l.id <= r.id
order by l.id asc, r.id asc
;

 lid | rid
-----+-----
   1 |   1
   1 |   3
   1 |   5
~~~~~~~~~~~~
   2 |   3
   2 |   5
~~~~~~~~~~~~
   3 |   3
   3 |   5
~~~~~~~~~~~~
   4 |   5
(8 rows)
```

３つのベン図の`join`について。

```sql
create table tt1(id varchar(5));
insert into tt1(id)
values('a'),('A'),('C'),('D');

create table tt2(id varchar(5));
insert into tt2(id)
values('b'),('A'),('B'),('D');

create table tt3(id varchar(5));
insert into tt3(id)
values('c'),('C'),('B'),('D');

```

`two inner joins`

```sql
select t1.id as t1id, t2.id as t2id, t3.id as t3id
from tt1 as t1
inner join tt2 as t2
on t1.id = t2.id
inner join tt3 as t3
on t1.id = t3.id
;

 t1id | t2id | t3id
------+------+------
 D    | D    | D
(1 row)
```

`two left joins`

```sql
select t1.id as t1id, t2.id as t2id, t3.id as t3id
from tt1 as t1
left join tt2 as t2
on t1.id = t2.id
left join tt3 as t3
on t1.id = t3.id
;

 t1id | t2id | t3id
------+------+------
 A    | A    |
 C    |      | C
 D    | D    | D
 a    |      |
(4 rows)
```

`inner join and left join`

```sql
select t1.id as t1id, t2.id as t2id, t3.id as t3id
from tt1 as t1
left join tt2 as t2
on t1.id = t2.id
inner join tt3 as t3
on t1.id = t3.id
;

 t1id | t2id | t3id
------+------+------
 C    |      | C
 D    | D    | D
(2 rows)
```

## :closed_book: Reference

- [MySQL JOIN Types Poster](http://stevestedman.com/2015/03/mysql-join-types-poster/)
