## :memo: Overview

キャッシュフロー計算書のようなテーブルから値の増減が見やすい表を作成する方法。目標は下記のような表。

```sql
 year | inout |   popin   | popout  |  amount
------+-------+-----------+---------+-----------
 2015 | in    | 127094745 |         | 127094745
 2016 | out   |           |  -52933 | 127041812
 2017 | out   |           | -123266 | 126918546
 2018 | out   |           | -170040 | 126748506
 2019 | out   |           | -193428 | 126555078
 2020 | out   |           | -408979 | 126146099
 2021 | out   |           | -643809 | 125502290
(7 rows)
```

まずはウインドウ関数を使わないで作成する方法をまとめてから、ウインドウ関数でも同じものを作成する。ウインドウ関数で置き換えることができるものはウインドウ関数で置き換えば良いが、そうはいかないデータの前処理も多いので、自己結合などの基本的なテクニックを理解するためにウインドウ関数なしの方法もまとめておく。

## :floppy_disk: Database

PostgreSQL

## :bookmark: Tag

`selfjoin`, `window function`

## :pencil2: Example

ここでは日本の人口推移テーブルを利用する。`2015`年に記録されて以来、減少した分だけが記録されている。書きを参考にした。

- [令和 4 年 7 月報 （令和 4 年 2 月確定値、令和 4 年 7 月概算値）](https://www.stat.go.jp/data/jinsui/pdf/202207.pdf)

```sql
create table pop(year  int ,inout varchar(5), amount int);
insert into
    pop(year, inout, amount)
values
    ('2015', 'in','127094745'),
    ('2016', 'out','-52933'),
    ('2017', 'out','-123266'),
    ('2018', 'out','-170040'),
    ('2019', 'out','-193428'),
    ('2020', 'out','-408979'),
    ('2021', 'out','-643809')
;

select
  *
from
  pop
;

 year | inout |  amount
------+-------+-----------
 2015 | in    | 127094745
 2016 | out   |    -52933
 2017 | out   |   -123266
 2018 | out   |   -170040
 2019 | out   |   -193428
 2020 | out   |   -408979
 2021 | out   |   -643809
(7 rows)
```

まずは、記録されている減少値を利用して、各時点での総数を計算する。そのために自己結合で、自分を含んで過去の値をすべて紐付ける。そして、集計すれば、自分以下の年の増減を集計できる。

```sql
select
  x.year as xyear,
  x.inout as xinout,
  x.amount as xamount,
  y.year as yyear,
  y.amount as yamount
from
  pop as x
left join
  pop as y
on
  x.year >= y.year
order by
  x.year asc,
  y.year asc
;

 xyear | xinout |  xamount  | yyear |  yamount
-------+--------+-----------+-------+-----------
  2015 | in     | 127094745 |  2015 | 127094745
~~~~~~~~~~~~~~~~~~~~~~~~~~~~~~~~~~~~~~~~~~~~~~~~~~~
  2016 | out    |    -52933 |  2015 | 127094745
  2016 | out    |    -52933 |  2016 |    -52933
~~~~~~~~~~~~~~~~~~~~~~~~~~~~~~~~~~~~~~~~~~~~~~~~~~~
  2017 | out    |   -123266 |  2015 | 127094745
  2017 | out    |   -123266 |  2016 |    -52933
  2017 | out    |   -123266 |  2017 |   -123266
~~~~~~~~~~~~~~~~~~~~~~~~~~~~~~~~~~~~~~~~~~~~~~~~~~~
  2018 | out    |   -170040 |  2015 | 127094745
  2018 | out    |   -170040 |  2016 |    -52933
  2018 | out    |   -170040 |  2017 |   -123266
  2018 | out    |   -170040 |  2018 |   -170040
~~~~~~~~~~~~~~~~~~~~~~~~~~~~~~~~~~~~~~~~~~~~~~~~~~~
  2019 | out    |   -193428 |  2015 | 127094745
  2019 | out    |   -193428 |  2016 |    -52933
  2019 | out    |   -193428 |  2017 |   -123266
  2019 | out    |   -193428 |  2018 |   -170040
  2019 | out    |   -193428 |  2019 |   -193428
~~~~~~~~~~~~~~~~~~~~~~~~~~~~~~~~~~~~~~~~~~~~~~~~~~~
  2020 | out    |   -408979 |  2015 | 127094745
  2020 | out    |   -408979 |  2016 |    -52933
  2020 | out    |   -408979 |  2017 |   -123266
  2020 | out    |   -408979 |  2018 |   -170040
  2020 | out    |   -408979 |  2019 |   -193428
  2020 | out    |   -408979 |  2020 |   -408979
~~~~~~~~~~~~~~~~~~~~~~~~~~~~~~~~~~~~~~~~~~~~~~~~~~~
  2021 | out    |   -643809 |  2015 | 127094745
  2021 | out    |   -643809 |  2016 |    -52933
  2021 | out    |   -643809 |  2017 |   -123266
  2021 | out    |   -643809 |  2018 |   -170040
  2021 | out    |   -643809 |  2019 |   -193428
  2021 | out    |   -643809 |  2020 |   -408979
  2021 | out    |   -643809 |  2021 |   -643809
(28 rows)
```

`group by`各時点での総数を計算する。

```sql
select
  x.year as xyear,
  x.inout as xinout,
  x.amount as xamount,
  sum(y.amount) as yamount
from
  pop as x
left join
  pop as y
on
  x.year >= y.year
group by
  x.year,
  x.inout,
  x.amount
order by
  x.year asc
;

 xyear | xinout |  xamount  |  yamount
-------+--------+-----------+-----------
  2015 | in     | 127094745 | 127094745
  2016 | out    |    -52933 | 127041812
  2017 | out    |   -123266 | 126918546
  2018 | out    |   -170040 | 126748506
  2019 | out    |   -193428 | 126555078
  2020 | out    |   -408979 | 126146099
  2021 | out    |   -643809 | 125502290
(7 rows)
```

後は先程のテーブルを`with`でまとめて、`case`で`0`を基準に振り分ければ目標のテーブルを作成できる。

```sql
with tmp as (
  select
  x.year as xyear,
  x.inout as xinout,
  x.amount as xamount,
  sum(y.amount) as yamount
from
  pop as x
left join
  pop as y
on
  x.year >= y.year
group by
  x.year,
  x.inout,
  x.amount
order by
  x.year asc
)
select
  xyear,
  xinout,
  case when xamount >= 0 then xamount else null end as popin,
  case when xamount  < 0 then xamount else null end as popout,
  yamount
from
  tmp
;

 xyear | xinout |   popin   | popout  |  yamount
-------+--------+-----------+---------+-----------
  2015 | in     | 127094745 |         | 127094745
  2016 | out    |           |  -52933 | 127041812
  2017 | out    |           | -123266 | 126918546
  2018 | out    |           | -170040 | 126748506
  2019 | out    |           | -193428 | 126555078
  2020 | out    |           | -408979 | 126146099
  2021 | out    |           | -643809 | 125502290
(7 rows)
```

というような SQL を書けば目標のテーブルは計算できなくもないが、行間比較の計算はウインドウ関数で置き換えることができるので、下記のように簡潔にまとめることができる。

```sql
select
  year as xyear,
  inout as xinput,
  -- amount as xamount,
  case when amount >= 0 then amount else null end as popin,
  case when amount  < 0 then amount else null end as popout,
  sum(amount) over (order by year rows between unbounded preceding and current row) as yamount
from
  pop
;

 xyear | xinput |   popin   | popout  |  yamount
-------+--------+-----------+---------+-----------
  2015 | in     | 127094745 |         | 127094745
  2016 | out    |           |  -52933 | 127041812
  2017 | out    |           | -123266 | 126918546
  2018 | out    |           | -170040 | 126748506
  2019 | out    |           | -193428 | 126555078
  2020 | out    |           | -408979 | 126146099
  2021 | out    |           | -643809 | 125502290
(7 rows)
```

## :closed_book: Reference

- [SQL Hacks](https://www.oreilly.co.jp/books/9784873113319/)
