## :memo: Overview

隣接リストを可視化する。

```sql
1
├── 2
│   ├── 4
│   └── 5
└── 3
    └── 6
        ├── 7
        └── 8
```

## :floppy_disk: Database

PostgreSQL

## :bookmark: Tag

`Recursive CTE`, `union`, `row_number`

## :pencil2: Example

下記で利用したサンプルデータをここでも利用する。

- [Page016-Recursive CTE の基礎.md](https://github.com/SugiAki1989/sql_note/blob/main/P016-Recursive%20CTE%E3%81%AE%E5%9F%BA%E7%A4%8E.md)
- [Page017-Recursive CTE の実践.md](https://github.com/SugiAki1989/sql_note/blob/main/P017-Recursive%20CTE%E3%81%AE%E5%AE%9F%E8%B7%B5.md)

```sql
select * from tree;
 id | parent_id
----+-----------
  1 |
  2 |         1
  3 |         1
  4 |         2
  5 |         2
  6 |         3
  7 |         6
  8 |         6
(8 rows)
```

まずは`Recursive CTE`で`tree`を可視化するために必要なテーブルを用意しておく。

```sql
with recursive recur(id, parent_id, path, depth) as(
    select id, parent_id, array[id], 1 as depth
    from tree
    where parent_id is null
    union all
    select b.id, b.parent_id, path || b.id, depth + 1
    from recur
    join tree as b
    on recur.id = b.parent_id
)
select id, parent_id, path, depth
from recur order by path;
 id | parent_id |   path    | depth
----+-----------+-----------+-------
  1 |           | {1}       |     1
  2 |         1 | {1,2}     |     2
  4 |         2 | {1,2,4}   |     3
  5 |         2 | {1,2,5}   |     3
  3 |         1 | {1,3}     |     2
  6 |         3 | {1,3,6}   |     3
  7 |         6 | {1,3,6,7} |     4
  8 |         6 | {1,3,6,8} |     4
(8 rows)
```

`depth`で条件をつけながら`union`していくことで`tree`を可視化する。可視化の部分が、階層ごとに自動で増えるわけではないので、なんとも苦しいが、そもそも SQL は単体では可視化には向いていないので、そこはご愛嬌ということで。

```sql
with recursive recur(id, parent_id, path, depth) as(
    select id, parent_id, array[id], 1 as depth
    from tree
    where parent_id is null
    union all
    select b.id, b.parent_id, path || b.id, depth + 1
    from recur
    join tree as b
    on recur.id = b.parent_id
), tmp as (
select id, parent_id, path, depth
from recur order by path
), tmp2 as (
select
    *,
    row_number() over() as idx
from
    tmp
)
(
select idx, ' ' || id as tree from tmp2 where depth = 1
union all
select idx, ' └─' || id as tree from tmp2 where depth = 2
union all
select idx, '  └─' || id as tree from tmp2 where depth = 3
union all
select idx, '   └─' || id as tree from tmp2 where depth = 4
)
order by idx asc
;

 idx |  tree
-----+--------
   1 |  1
   2 |  └─2
   3 |   └─4
   4 |   └─5
   5 |  └─3
   6 |   └─6
   7 |    └─7
   8 |    └─8
(8 rows)
```

`row_number`を再帰の終了部分で使用すると、再帰の実行順序で番号が振られるので、ほしい番号が得られないので注意。

```sql
with recursive recur(id, parent_id, path, depth) as(
    select id, parent_id, array[id], 1 as depth
    from tree
    where parent_id is null
    union all
    select b.id, b.parent_id, path || b.id, depth + 1
    from recur
    join tree as b
    on recur.id = b.parent_id
)
select id, parent_id, path, depth,
row_number() over() as idx
from recur
;
 id | parent_id |   path    | depth | idx
----+-----------+-----------+-------+-----
  1 |           | {1}       |     1 |   1
  2 |         1 | {1,2}     |     2 |   2
  3 |         1 | {1,3}     |     2 |   3
  4 |         2 | {1,2,4}   |     3 |   4
  5 |         2 | {1,2,5}   |     3 |   5
  6 |         3 | {1,3,6}   |     3 |   6
  7 |         6 | {1,3,6,7} |     4 |   7
  8 |         6 | {1,3,6,8} |     4 |   8
(8 rows)
```

そのため再帰の計算が終わった後に番号をふることで、可視化の体裁を整える。

```sql
with recursive recur(id, parent_id, path, depth) as(
    select id, parent_id, array[id], 1 as depth
    from tree
    where parent_id is null
    union all
    select b.id, b.parent_id, path || b.id, depth + 1
    from recur
    join tree as b
    on recur.id = b.parent_id
), tmp as (
select id, parent_id, path, depth
from recur order by path
)
select
    *,
    row_number() over() as idx
from
    tmp
;

 id | parent_id |   path    | depth | idx
----+-----------+-----------+-------+-----
  1 |           | {1}       |     1 |   1
  2 |         1 | {1,2}     |     2 |   2
  4 |         2 | {1,2,4}   |     3 |   3
  5 |         2 | {1,2,5}   |     3 |   4
  3 |         1 | {1,3}     |     2 |   5
  6 |         3 | {1,3,6}   |     3 |   6
  7 |         6 | {1,3,6,7} |     4 |   7
  8 |         6 | {1,3,6,8} |     4 |   8
(8 rows)
```

## :closed_book: Reference

- [SQL Hacks](https://www.oreilly.co.jp/books/9784873113319/)
