## :memo: Overview

ここでは、[SQL for Data Analysis by Cathy Tanimura](https://www.oreilly.com/library/view/sql-for-data)の第4章コホート分析を参考に、`with`句にリファクタリングしながら、理解を深めていく。書籍では一貫してサブクエリスタイルで書かれているが、個人的には`with`句の方が好みなので書き直した。また、このノートでは、これまでとは異なり、大文字で予約語を書いている。これはリファクタリングの過程で、書籍のコードを基にコピペしているためで、説明のために追加した部分は小文字で表記している。

## :floppy_disk: Database

PostgreSQL

## :bookmark: Tag

`data analysis`

## :pencil2: Example

必要なデータは下記のサイトより準備できる。

- [Chapter 4. Cohort Analysis](https://www.oreilly.com/library/view/sql-for-data/9781492088776/ch04.html)
- [sql_book/Chapter 4: Cohorts](https://github.com/cathytanimura/sql_book/tree/master/Chapter%204%3A%20Cohorts)

ただ、一部テーブルに関しては、下記に掲載されている内容は動かなかったので、

- [SQLではじめるデータ分析サポートサイト](https://oreilly-japan.github.io/sql_book-jp/)

下記で自作することにした。

```sql
DROP table if exists public.date_dim;

CREATE table public.date_dim
as
SELECT date::date
,to_char(date,'yyyymmdd')::int as date_key
,date_part('day',date)::int as day_of_month
,date_part('doy',date)::int as day_of_year
,date_part('dow',date)::int as day_of_week
,trim(to_char(date, 'Day')) as day_name
,trim(to_char(date, 'Dy')) as day_short_name
,date_part('week',date)::int as week_number
,to_char(date,'W')::int as week_of_month
,date_trunc('week',date)::date as week
,date_part('month',date)::int as month_number
,trim(to_char(date, 'Month')) as month_name
,trim(to_char(date, 'Mon')) as month_short_name
,date_trunc('month',date)::date as first_day_of_month
,(date_trunc('month',date) + interval '1 month' - interval '1 day')::date as last_day_of_month
,date_part('quarter',date)::int as quarter_number
,trim('Q' || date_part('quarter',date)::int) as quarter_name
,date_trunc('quarter',date)::date as first_day_of_quarter
,(date_trunc('quarter',date) + interval '3 months' - interval '1 day')::date as last_day_of_quarter
,date_part('year',date)::int as year 
,date_part('decade',date)::int * 10 as decade
,date_part('century',date)::int as centurys
FROM generate_series('1770-01-01'::date, '2030-12-31'::date, '1 day') as date
;

select date, month_name, day_of_month from date_dim limit 10;
    date    | month_name | day_of_month
------------+------------+--------------
 1770-01-01 | January    |            1
 1770-01-02 | January    |            2
 1770-01-03 | January    |            3
 1770-01-04 | January    |            4
 1770-01-05 | January    |            5
 1770-01-06 | January    |            6
 1770-01-07 | January    |            7
 1770-01-08 | January    |            8
 1770-01-09 | January    |            9
 1770-01-10 | January    |           10
(10 rows)
```

使用するデータはアメリカの議員の在任期間に関するデータ。

```sql
select id_bioguide, term_number, term_id, term_type, term_start, term_end from legislators_terms where id_bioguide = 'G000377';
 id_bioguide | term_number |  term_id   | term_type | term_start |  term_end
-------------+-------------+------------+-----------+------------+------------
 G000377     |           0 | G000377-0  | rep       | 1997-01-07 | 1999-01-03
 G000377     |           1 | G000377-1  | rep       | 1999-01-06 | 2001-01-03
 G000377     |           2 | G000377-2  | rep       | 2001-01-03 | 2003-01-03
 G000377     |           3 | G000377-3  | rep       | 2003-01-07 | 2005-01-03
 G000377     |           4 | G000377-4  | rep       | 2005-01-04 | 2007-01-03
 G000377     |           5 | G000377-5  | rep       | 2007-01-04 | 2009-01-03
 G000377     |           6 | G000377-6  | rep       | 2009-01-06 | 2011-01-03
 G000377     |           7 | G000377-7  | rep       | 2011-01-05 | 2013-01-03
 G000377     |           8 | G000377-8  | rep       | 2013-01-03 | 2015-01-03
 G000377     |           9 | G000377-9  | rep       | 2015-01-06 | 2017-01-03
 G000377     |          10 | G000377-10 | rep       | 2017-01-03 | 2019-01-03
 G000377     |          11 | G000377-11 | rep       | 2019-01-03 | 2021-01-03
(12 rows)

select id_bioguide, full_name, gender from legislators limit 10;

 id_bioguide |      full_name       | gender
-------------+----------------------+--------
 B000944     | Sherrod Brown        | M
 C000127     | Maria Cantwell       | F
 C000141     | Benjamin L. Cardin   | M
 C000174     | Thomas R. Carper     | M
 C001070     | Robert P. Casey, Jr. | M
 F000062     | Dianne Feinstein     | F
 F000469     | Russ Fulcher         | M
 K000367     | Amy Klobuchar        | F
 M000639     | Robert Menendez      | M
 S000033     | Bernard Sanders      | M
(10 rows)

```

## :pencil2: 基本的なリテション曲線のためのSQL

コホート分析をするためには、`id_bioguide`ごとに最小日付を計算する。

```sql
SELECT id_bioguide
,min(term_start) as first_term
FROM legislators_terms 
GROUP BY 1
;

 id_bioguide | first_term
-------------+------------
 A000118     | 1975-01-14
 P000281     | 1933-03-09
 K000039     | 1933-03-09
 A000306     | 1907-12-02
 O000095     | 1949-01-03
 B000937     | 1913-04-07
 S000038     | 1912-01-01
 S000657     | 1901-12-02
 P000383     | 1873-12-01
 L000058     | 1887-12-05
(10 rows)
```

次は各議員の在任期間を計算して、ピリオドを作成する。下記の議員であれば、1997年から2019年まで在任していることがわかる。

```sql
WITH first_terms AS (
    SELECT id_bioguide, MIN(term_start) AS first_term
    FROM legislators_terms 
    GROUP BY id_bioguide
)
SELECT a.id_bioguide, a.first_term, b.term_start, DATE_PART('year', AGE(b.term_start, a.first_term)) AS period
FROM first_terms a
JOIN legislators_terms b ON a.id_bioguide = b.id_bioguide 
where a.id_bioguide = 'G000377'
limit 15
;

 id_bioguide | first_term | term_start | period
-------------+------------+------------+--------
 G000377     | 1997-01-07 | 1997-01-07 |      0
 G000377     | 1997-01-07 | 1999-01-06 |      1
 G000377     | 1997-01-07 | 2001-01-03 |      3
 G000377     | 1997-01-07 | 2003-01-07 |      6
 G000377     | 1997-01-07 | 2005-01-04 |      7
 G000377     | 1997-01-07 | 2007-01-04 |      9
 G000377     | 1997-01-07 | 2009-01-06 |     11
 G000377     | 1997-01-07 | 2011-01-05 |     13
 G000377     | 1997-01-07 | 2013-01-03 |     15
 G000377     | 1997-01-07 | 2015-01-06 |     17
 G000377     | 1997-01-07 | 2017-01-03 |     19
 G000377     | 1997-01-07 | 2019-01-03 |     21
(12 rows)
```

先程のテーブルを集計すると、リテンション曲線が計算できる。

```sql
WITH cohort_counts AS (
    SELECT id_bioguide,
           MIN(term_start) AS first_term
    FROM legislators_terms 
    GROUP BY id_bioguide
),
cohort_retention AS (
    SELECT date_part('year', age(b.term_start, a.first_term)) AS period,
           COUNT(DISTINCT a.id_bioguide) AS cohort_retained
    FROM cohort_counts a
    JOIN legislators_terms b ON a.id_bioguide = b.id_bioguide 
    GROUP BY period
)
SELECT period,
       first_value(cohort_retained) OVER (ORDER BY period) AS cohort_size,
       cohort_retained,
       cohort_retained::real / first_value(cohort_retained) OVER () AS pct_retained
FROM cohort_retention;

 period | cohort_size | cohort_retained |      pct_retained
--------+-------------+-----------------+------------------------
      0 |       12518 |           12518 |                      1
      1 |       12518 |            3600 |     0.2875858763380732
      2 |       12518 |            3619 |    0.28910369068541303
      3 |       12518 |            1831 |       0.14626937210417
      4 |       12518 |            3210 |     0.2564307397347819
      5 |       12518 |            1744 |    0.13931938009266656
      6 |       12518 |            2385 |     0.1905256430739735
      7 |       12518 |            1360 |    0.10864355328327209
      8 |       12518 |            1607 |     0.1283751397986899
      9 |       12518 |            1028 |    0.08212174468764978
     10 |       12518 |            1398 |    0.11167918197795175
(snip)
```

画像[Chapter 4. Cohort Analysis](https://www.oreilly.com/library/view/sql-for-data/9781492088776/ch04.html)より。

![Figure 4-3. Retention from start of first term for US legislators](https://github.com/SugiAki1989/sql_note/blob/main/image/p062-1-1.png)

このデータを横展開したければ、下記の通り`CASE`で分解する。

```sql
WITH ~ 
(snip)
SELECT cohort_size,
       MAX(CASE WHEN period = 0 THEN pct_retained END) AS yr0,
       MAX(CASE WHEN period = 1 THEN pct_retained END) AS yr1,
       MAX(CASE WHEN period = 2 THEN pct_retained END) AS yr2,
       MAX(CASE WHEN period = 3 THEN pct_retained END) AS yr3,
       MAX(CASE WHEN period = 4 THEN pct_retained END) AS yr4
FROM cohort_data
GROUP BY cohort_size;

 cohort_size | yr0 |        yr1         |        yr2         |         yr3         |         yr4
-------------+-----+--------------------+--------------------+---------------------+---------------------
       12647 |   1 | 0.2847315568909623 | 0.2865501700007907 | 0.14501462797501383 | 0.25397327429429906
(1 row)
```

## :pencil2: 時系列を調整してリテンションの正確性を高める。

先程のリテンション曲線には少し欠点がある。下記の議員を見ればわかるが、在任期間が2年(議院によっては6年)間隔で、飛んでいるピリオドではカウント対象にはできないので、この期間の欠損を埋めることで、曲線を滑らかにする。

```sql
 id_bioguide | first_term | term_start | period
-------------+------------+------------+--------
 G000377     | 1997-01-07 | 1997-01-07 |      0
 G000377     | 1997-01-07 | 1999-01-06 |      1
 G000377     | 1997-01-07 | 2001-01-03 |      3
 G000377     | 1997-01-07 | 2003-01-07 |      6
 G000377     | 1997-01-07 | 2005-01-04 |      7
 G000377     | 1997-01-07 | 2007-01-04 |      9
 G000377     | 1997-01-07 | 2009-01-06 |     11
 G000377     | 1997-01-07 | 2011-01-05 |     13
 G000377     | 1997-01-07 | 2013-01-03 |     15
 G000377     | 1997-01-07 | 2015-01-06 |     17
 G000377     | 1997-01-07 | 2017-01-03 |     19
 G000377     | 1997-01-07 | 2019-01-03 |     21
(12 rows)
```

日付を限定して、`date`カラムを`date_dim`テーブルから持ってくることで、`term_start, term_end`の間を補完している。12月31日に在任している議員は、その年は留任しているとみなす。これは、`S000718`の議員をみると理解しやすい。この議員は何らかの理由で、`term_end`を期中に持っているので、この期間のピリオドを持っていない。

```sql
WITH cohort_first_terms AS (
    SELECT id_bioguide,
           MIN(term_start) AS first_term
    FROM legislators_terms 
    GROUP BY id_bioguide
)
SELECT a.id_bioguide,
       a.first_term,
       b.term_start,
       b.term_end,
       c.date,
       date_part('year', age(c.date, a.first_term)) AS period
FROM cohort_first_terms a
JOIN legislators_terms b ON a.id_bioguide = b.id_bioguide 
LEFT JOIN date_dim c ON c.date BETWEEN b.term_start AND b.term_end 
                       AND c.month_name = 'December' 
                       AND c.day_of_month = 31
where a.id_bioguide IN ('G000377', 'S000718', 'M000133')
order by id_bioguide asc, term_start asc, period asc
;

 id_bioguide | first_term | term_start |  term_end  |    date    | period
-------------+------------+------------+------------+------------+--------
 G000377     | 1997-01-07 | 1997-01-07 | 1999-01-03 | 1997-12-31 |      0
 G000377     | 1997-01-07 | 1997-01-07 | 1999-01-03 | 1998-12-31 |      1
 G000377     | 1997-01-07 | 1999-01-06 | 2001-01-03 | 1999-12-31 |      2
 G000377     | 1997-01-07 | 1999-01-06 | 2001-01-03 | 2000-12-31 |      3
 G000377     | 1997-01-07 | 2001-01-03 | 2003-01-03 | 2001-12-31 |      4
(snip)
 G000377     | 1997-01-07 | 2017-01-03 | 2019-01-03 | 2017-12-31 |     20
 G000377     | 1997-01-07 | 2017-01-03 | 2019-01-03 | 2018-12-31 |     21
 G000377     | 1997-01-07 | 2019-01-03 | 2021-01-03 | 2019-12-31 |     22
 G000377     | 1997-01-07 | 2019-01-03 | 2021-01-03 | 2020-12-31 |     23
---------------------------------------------------------------------------------
 M000133     | 1975-01-14 | 1975-01-14 | 1977-01-03 | 1975-12-31 |      0
 M000133     | 1975-01-14 | 1975-01-14 | 1977-01-03 | 1976-12-31 |      1
 M000133     | 1975-01-14 | 1977-01-04 | 1979-01-03 | 1977-12-31 |      2
 M000133     | 1975-01-14 | 1977-01-04 | 1979-01-03 | 1978-12-31 |      3
 M000133     | 1975-01-14 | 1979-01-15 | 1981-01-03 | 1979-12-31 |      4
(snip)
 M000133     | 1975-01-14 | 2009-01-06 | 2011-01-03 | 2010-12-31 |     35
 M000133     | 1975-01-14 | 2011-01-05 | 2013-01-03 | 2011-12-31 |     36
 M000133     | 1975-01-14 | 2011-01-05 | 2013-01-03 | 2012-12-31 |     37
 M000133     | 1975-01-14 | 2013-01-03 | 2013-07-15 |            |
 M000133     | 1975-01-14 | 2013-07-16 | 2015-01-03 | 2013-12-31 |     38
 M000133     | 1975-01-14 | 2013-07-16 | 2015-01-03 | 2014-12-31 |     39
(snip)
 M000133     | 1975-01-14 | 2015-01-06 | 2021-01-03 | 2019-12-31 |     44
 M000133     | 1975-01-14 | 2015-01-06 | 2021-01-03 | 2020-12-31 |     45
 ---------------------------------------------------------------------------------
 S000718     | 1971-01-21 | 1971-01-21 | 1973-01-03 | 1971-12-31 |      0
 S000718     | 1971-01-21 | 1971-01-21 | 1973-01-03 | 1972-12-31 |      1
 S000718     | 1971-01-21 | 1973-01-03 | 1975-01-03 | 1973-12-31 |      2
 S000718     | 1971-01-21 | 1973-01-03 | 1975-01-03 | 1974-12-31 |      3
 S000718     | 1971-01-21 | 1975-01-14 | 1977-01-03 | 1975-12-31 |      4
(snip)
 S000718     | 1971-01-21 | 1997-01-07 | 1999-01-03 | 1997-12-31 |     26
 S000718     | 1971-01-21 | 1997-01-07 | 1999-01-03 | 1998-12-31 |     27
 S000718     | 1971-01-21 | 1999-01-06 | 2001-01-03 | 1999-12-31 |     28
 S000718     | 1971-01-21 | 1999-01-06 | 2001-01-03 | 2000-12-31 |     29
 S000718     | 1971-01-21 | 2001-01-03 | 2001-08-16 |            |
(102 rows)
```

そして、この期間が正しく取れていない部分に関しては、`COALESCE(DATE_PART('year', AGE(c.date, a.first_term)), 0) AS period`で0で埋めている。これは書籍にも書かれている通り、決めの問題であって、議員の任期が同じ年に始まり、同じ年に終わる場合に対応して、その年に在職していたとみなしている。

これは一見すると、不自然な処理にも見れるが、場合分けを考えると、そこまで問題ないように思える。例えば、上記の例であれば、長年の在任期間に突然ピリオドに0が出現することになるが、`COUNT(DISTINCT a.id_bioguide)`するため、このレコードが重複してピリオド0でカウントされるわけではない。一方で、1年に満たない議員の場合、それはピリオド0に在任していること意味すると決めていることになる。

これらの処理を含めて、リテンションを計算すると、最初に計算していたものよりも滑らかな曲線を描くことができる。

```sql
WITH cohort_first_term AS (
    SELECT id_bioguide, MIN(term_start) AS first_term
    FROM legislators_terms 
    GROUP BY id_bioguide
),
cohort_period_counts AS (
    SELECT 
        COALESCE(DATE_PART('year', AGE(c.date, a.first_term)), 0) AS period,
        COUNT(DISTINCT a.id_bioguide) AS cohort_retained
    FROM cohort_first_term a
    JOIN legislators_terms b ON a.id_bioguide = b.id_bioguide 
    LEFT JOIN date_dim c ON c.date BETWEEN b.term_start AND b.term_end 
        AND c.month_name = 'December' AND c.day_of_month = 31
    GROUP BY 1
)
SELECT 
    period,
    FIRST_VALUE(cohort_retained) OVER (ORDER BY period) AS cohort_size,
    cohort_retained,
    cohort_retained * 1.0 / FIRST_VALUE(cohort_retained) OVER (ORDER BY period) AS pct_retained
FROM cohort_period_counts;

 period | cohort_size | cohort_retained |        pct_retained
--------+-------------+-----------------+----------------------------
      0 |       12518 |           12518 |     1.00000000000000000000
      1 |       12518 |           12328 |     0.98482185652660169356
      2 |       12518 |            8166 |     0.65234062949352931778
      3 |       12518 |            8069 |     0.64459178782553123502
      4 |       12518 |            5862 |     0.46828566863716248602
(snip)
     56 |       12518 |               3 |     0.00023965489694839431
     57 |       12518 |               2 |     0.00015976993129892954
     58 |       12518 |               1 | 0.000079884965649464770730
     59 |       12518 |               1 | 0.000079884965649464770730
(60 rows)
```

画像[Chapter 4. Cohort Analysis](https://www.oreilly.com/library/view/sql-for-data/9781492088776/ch04.html)より。

![Figure 4-4. Legislator retention after adjusting for actual years in office](https://github.com/SugiAki1989/sql_note/blob/main/image/p062-1-2.png)


## :pencil2: 終了日を保管する方法

書籍で紹介されている終了日を保管する方法の1つ目が、データの条件に応じて、期間を作ってしまう方法。明確な期間が条件からとれないと日付を作ることはできないデメリットや途中での離脱がわからなくなってしまう点が挙げられる。

```sql
WITH first_terms AS (
    SELECT id_bioguide, MIN(term_start) AS first_term
    FROM legislators_terms 
    GROUP BY id_bioguide
)
SELECT 
    a.id_bioguide,
    a.first_term,
    b.term_start,
    CASE 
        WHEN b.term_type = 'rep' THEN b.term_start + INTERVAL '2 years'
        WHEN b.term_type = 'sen' THEN b.term_start + INTERVAL '6 years'
    END AS term_end
FROM first_terms a
JOIN legislators_terms b ON a.id_bioguide = b.id_bioguide
limit 10;

 id_bioguide | first_term | term_start |      term_end
-------------+------------+------------+---------------------
 B000944     | 1993-01-05 | 1993-01-05 | 1995-01-05 00:00:00
 C000127     | 1993-01-05 | 1993-01-05 | 1995-01-05 00:00:00
 C000141     | 1987-01-06 | 1987-01-06 | 1989-01-06 00:00:00
 C000174     | 1983-01-03 | 1983-01-03 | 1985-01-03 00:00:00
 C001070     | 2007-01-04 | 2007-01-04 | 2013-01-04 00:00:00
 F000062     | 1992-11-10 | 1992-11-10 | 1998-11-10 00:00:00
 F000469     | 2019-01-03 | 2019-01-03 | 2021-01-03 00:00:00
 K000367     | 2007-01-04 | 2007-01-04 | 2013-01-04 00:00:00
 M000639     | 1993-01-05 | 1993-01-05 | 1995-01-05 00:00:00
 S000033     | 1991-01-03 | 1991-01-03 | 1993-01-03 00:00:00
(10 rows)
```

2つ目は`LEAD`を使う方法。次に期間で在任期間データがあるのであれば、開始日から1日マイナスすれば終了期間を計算できる。`A000001`のように次の期間がない場合は`null`になってしまうデメリットがあるのと、レコードの間隔に空白が含まれる場合、安直に`LEAD`でズラして次の行を取得すると、在任していない空白期間を在任していると謝る可能性がある。

```sql
WITH cohort_first_term AS (
    SELECT id_bioguide, MIN(term_start) AS first_term
    FROM legislators_terms 
    GROUP BY id_bioguide
)
SELECT 
    a.id_bioguide,
    a.first_term,
    b.term_start,
    LEAD(b.term_start) OVER (PARTITION BY a.id_bioguide ORDER BY b.term_start) - INTERVAL '1 day' AS term_end
FROM cohort_first_term a
JOIN legislators_terms b ON a.id_bioguide = b.id_bioguide
limit 10;

 id_bioguide | first_term | term_start |      term_end
-------------+------------+------------+---------------------
 A000001     | 1951-01-03 | 1951-01-03 |
 A000002     | 1947-01-03 | 1947-01-03 | 1949-01-02 00:00:00
 A000002     | 1947-01-03 | 1949-01-03 | 1951-01-02 00:00:00
 A000002     | 1947-01-03 | 1951-01-03 | 1953-01-02 00:00:00
 A000002     | 1947-01-03 | 1953-01-03 | 1955-01-04 00:00:00
 A000002     | 1947-01-03 | 1955-01-05 | 1957-01-02 00:00:00
 A000002     | 1947-01-03 | 1957-01-03 | 1959-01-06 00:00:00
 A000002     | 1947-01-03 | 1959-01-07 | 1961-01-02 00:00:00
 A000002     | 1947-01-03 | 1961-01-03 | 1963-01-08 00:00:00
 A000002     | 1947-01-03 | 1963-01-09 | 1965-01-03 00:00:00
(10 rows)
```

## :pencil2: 時系列自体から導かれたコホート

コホートは特定の条件で、データを分割し、時系列の変化を観察することに意味がある分析。コホートを分けず分析することに意味がないとは言わないものの、コホートを分けた方が面白い結果が得られるケースも多い。書籍では、コホートとして、世紀、初回当選州、性別などが紹介されている。基本的にはコホートのフラグを作る部分以外はおなじなので、ここでは性別ごとにリテション曲線を計算する例をもとに理解を深める。

これまでのSQLとの違いは`JOIN`で性別を紐づけていること、`GROUP BY`の単位に性別が増えていること、`FIRST_VALUEのPARTITION`に性別が増えているところである。見てわかるように、コホートを作ることは難しいことではなく、ベースのリテンション曲線のSQLをグループ単位ごとに書き直せば良い。

```sql
WITH cohort_first_term AS (
    SELECT id_bioguide, MIN(term_start) AS first_term
    FROM legislators_terms 
    GROUP BY id_bioguide
),
cohort_period_counts AS (
    SELECT 
        d.gender,
        COALESCE(DATE_PART('year', AGE(c.date, a.first_term)), 0) AS period,
        COUNT(DISTINCT a.id_bioguide) AS cohort_retained
    FROM cohort_first_term a
    JOIN legislators_terms b ON a.id_bioguide = b.id_bioguide 
    LEFT JOIN date_dim c ON c.date BETWEEN b.term_start AND b.term_end 
        AND c.month_name = 'December' AND c.day_of_month = 31
    JOIN legislators d ON a.id_bioguide = d.id_bioguide
    GROUP BY 1, 2
)
SELECT 
    gender,
    period,
    FIRST_VALUE(cohort_retained) OVER (PARTITION BY gender ORDER BY period) AS cohort_size,
    cohort_retained,
    cohort_retained::real / FIRST_VALUE(cohort_retained) OVER (PARTITION BY gender ORDER BY period) AS pct_retained
FROM cohort_period_counts;

 gender | period | cohort_size | cohort_retained |      pct_retained
--------+--------+-------------+-----------------+------------------------
 F      |      0 |         366 |             366 |                      1
 F      |      1 |         366 |             349 |      0.953551912568306
 F      |      2 |         366 |             261 |     0.7131147540983607
 F      |      3 |         366 |             256 |     0.6994535519125683
 F      |      4 |         366 |             223 |     0.6092896174863388
 (snip)
 F      |     35 |         366 |               4 |    0.01092896174863388
 F      |     36 |         366 |               3 |    0.00819672131147541
 F      |     37 |         366 |               2 |    0.00546448087431694
 F      |     38 |         366 |               1 |    0.00273224043715847
 F      |     39 |         366 |               1 |    0.00273224043715847
 ---------------------------------------------------------------------------------
 M      |      0 |       12152 |           12152 |                      1
 M      |      1 |       12152 |           11979 |     0.9857636603028308
 M      |      2 |       12152 |            7905 |     0.6505102040816326
 M      |      3 |       12152 |            7813 |     0.6429394338380513
 M      |      4 |       12152 |            5639 |     0.4640388413429888
 (snip)
 M      |     55 |       12152 |               3 |  0.0002468729427254773
 M      |     56 |       12152 |               3 |  0.0002468729427254773
 M      |     57 |       12152 |               2 | 0.00016458196181698485
 M      |     58 |       12152 |               1 |  8.229098090849243e-05
 M      |     59 |       12152 |               1 |  8.229098090849243e-05
(100 rows)
```

画像[Chapter 4. Cohort Analysis](https://www.oreilly.com/library/view/sql-for-data/9781492088776/ch04.html)より。

![Figure 4-7. Legislator retention by gender](https://github.com/SugiAki1989/sql_note/blob/main/image/p062-1-3.png)

他にも、疎なデータに対して、`CROSS JOIN generate_series()`を使って対処方法も書かれているのでメモする。個人的には`LEFT JOIN`でも良い気はする。

```sql
WITH first_term_and_state AS (
    SELECT DISTINCT
        id_bioguide,
        MIN(term_start) OVER (PARTITION BY id_bioguide) AS first_term,
        FIRST_VALUE(state) OVER (PARTITION BY id_bioguide ORDER BY term_start) AS first_state
    FROM legislators_terms 
),
cohort_period_counts AS (
    SELECT 
        a.first_state,
        d.gender,
        COALESCE(DATE_PART('year', AGE(c.date, a.first_term)), 0) AS period,
        COUNT(DISTINCT a.id_bioguide) AS cohort_retained
    FROM first_term_and_state a
    JOIN legislators_terms b ON a.id_bioguide = b.id_bioguide 
    LEFT JOIN date_dim c ON c.date BETWEEN b.term_start AND b.term_end 
        AND c.month_name = 'December' AND c.day_of_month = 31
    JOIN legislators d ON a.id_bioguide = d.id_bioguide
    WHERE a.first_term BETWEEN '1917-01-01' AND '1999-12-31' 
        and a.first_state = 'AZ' and gender = 'F'
    GROUP BY 1, 2, 3
)
SELECT 
    first_state,
    gender,
    period,
    FIRST_VALUE(cohort_retained) OVER (PARTITION BY first_state, gender ORDER BY period) AS cohort_size,
    cohort_retained,
    cohort_retained::real / FIRST_VALUE(cohort_retained) OVER (PARTITION BY first_state, gender ORDER BY period) AS pct_retained
FROM cohort_period_counts
;

 first_state | gender | period | cohort_size | cohort_retained | pct_retained
-------------+--------+--------+-------------+-----------------+--------------
 AZ          | F      |      0 |           2 |               2 |            1
 AZ          | F      |      1 |           2 |               2 |            1
 AZ          | F      |      2 |           2 |               1 |          0.5
 AZ          | F      |      3 |           2 |               1 |          0.5
(4 rows)

-------------------------------------------------------------------
WITH first_term_and_state AS (
    SELECT DISTINCT
        id_bioguide,
        MIN(term_start) OVER (PARTITION BY id_bioguide) AS first_term,
        FIRST_VALUE(state) OVER (PARTITION BY id_bioguide ORDER BY term_start) AS first_state
    FROM legislators_terms 
),
cohort_size_counts AS (
    SELECT 
        b.gender,
        a.first_state,
        COUNT(DISTINCT a.id_bioguide) AS cohort_size
    FROM first_term_and_state a
    JOIN legislators b ON a.id_bioguide = b.id_bioguide
    WHERE a.first_term BETWEEN '1917-01-01' AND '1999-12-31' 
        and a.first_state = 'AZ' and gender = 'F'
    GROUP BY 1, 2
)
SELECT 
    aa.gender,
    aa.first_state,
    cc.period,
    aa.cohort_size
FROM cohort_size_counts aa
CROSS JOIN generate_series(0,20,1) cc(period);

 gender | first_state | period | cohort_size
--------+-------------+--------+-------------
 F      | AZ          |      0 |           2
 F      | AZ          |      1 |           2
 F      | AZ          |      2 |           2
 F      | AZ          |      3 |           2
 F      | AZ          |      4 |           2
 F      | AZ          |      5 |           2
 F      | AZ          |      6 |           2
 F      | AZ          |      7 |           2
 F      | AZ          |      8 |           2
 F      | AZ          |      9 |           2
 F      | AZ          |     10 |           2
 F      | AZ          |     11 |           2
 F      | AZ          |     12 |           2
 F      | AZ          |     13 |           2
 F      | AZ          |     14 |           2
 F      | AZ          |     15 |           2
 F      | AZ          |     16 |           2
 F      | AZ          |     17 |           2
 F      | AZ          |     18 |           2
 F      | AZ          |     19 |           2
 F      | AZ          |     20 |           2
(21 rows)
```

期間の途中に在籍している議員だけを抜き出して、その議員に紐づく在籍期間を持ってきてリテンション曲線を計算する例なども記載されている。

## :closed_book: Reference

- [SQL for Data Analysis by Cathy Tanimura](https://www.oreilly.com/library/view/sql-for-data)
