## :memo: Overview

ここでは、テーブルの値を交互に入れ替える小技をまとめておく。実務で使うケースは少ないと思うが、理解のためにメモしておく。

## :floppy_disk: Database

PostgreSQL

## :bookmark: Tag

`row_number`, `mod`

## :pencil2: Example

まずはサンプルデータを用意する。`1 → b`、`2 → a`、`3 → d`、`4 → c`という形で入れ替える。

```sql
create table changechangechange(id int, value varchar);
insert into changechangechange(id, value) values
('1','a'),
('2','b'),
('3','c'),
('4','d'),
('5','r'),
('6','f'),
('7','g'),
('8','h'),
('9','i'),
('10','j');
```

値を更新するのではなく、剰余を使って数字を入れ替える。

```sql
select
    id,
    case when id % 2 = 1 then id + 1 else id - 1 end as id2,
    value
from
    changechangechange
;

 id | id2 | value
----+-----+-------
  1 |   2 | a
  2 |   1 | b
  3 |   4 | c
  4 |   3 | d
  5 |   6 | r
  6 |   5 | f
  7 |   8 | g
  8 |   7 | h
  9 |  10 | i
 10 |   9 | j
(10 rows)
```

その番号で並び替えると、値が入れ替わった用に見える。

```sql
select
    case when id % 2 = 1 then id + 1 else id - 1 end as id2,
    value
from
    changechangechange
order by
    id2 asc
;

 id2 | value
-----+-------
   1 | b
   2 | a
   3 | d
   4 | c
   5 | f
   6 | r
   7 | h
   8 | g
   9 | j
  10 | i
(10 rows)
```

## :closed_book: Reference

None
