## :memo: Overview

ここでは文字列に関するざまざまな処理方法についてまとめておく。

## :floppy_disk: Database

PostgreSQL

## :bookmark: Tag

``

## :pencil2: イニシャルの抽出

名前からイニシャルに変換する。ただ特定のパターンのみうまくいくので、万能ではない。

```sql
CREATE TABLE name(
   id integer
  , name varchar(255)
);

INSERT INTO name
VALUES
    ('1', 'Tony Stark')
  , ('2', 'Bruce Banner')
  , ('3', 'Steve Rogers')
  , ('4', 'Thor')
  , ('5', 'Dr. Stephen Strange')
;
```

まずはイニシャル以外は文字を変換し、その変換した文字を置換する。簡単に置換するためのテクニックみたいなもの。

```sql
-- 26文字分の?を生成
select rpad('?', 26, '?');
            rpad
----------------------------
 ??????????????????????????

select
  name,
  translate(
    replace(name, '.', ''),
    'abcdefghijklmnopqrstuvwsyz',
    rpad('-', 26, '-')
  )
from name;

        name         |     translate
---------------------+--------------------
 Tony Stark          | T--- S----
 Bruce Banner        | B---- B-----
 Steve Rogers        | S---- R-----
 Thor                | T---
 Dr. Stephen Strange | D- S------ S------
(5 rows)
```

さらに`-`を置換し、`.`をつければ完成なのだが、もともとのフォーマットの違いによっては上手く行っていない。

```sql
select
  name,
  replace(
    replace(
      translate(
        replace(name, '.', ''),
        'abcdefghijklmnopqrstuvwsyz',
        rpad('-', 26, '-')
      )
    , '-', '')
  , ' ', '.') || '.'
from name;

        name         | ?column?
---------------------+----------
 Tony Stark          | T.S.
 Bruce Banner        | B.B.
 Steve Rogers        | S.R.
 Thor                | T.
 Dr. Stephen Strange | D.S.S.
(5 rows)
```

## :pencil2: 文字列をソートしたい

レコード単位で並び替えるのではなく、文字列の値の中で文字の並び替えを行う場合の方法。つまり、`zaf`という文字の値を`afz`にする。ループしたいときは、`cross join`で分解すればOK。

```sql
select
  ename,
  substr(ename, pos, 1) as p,
  pos
from emp
cross join 
(select pos from generate_series(1, 10) as pos) as iter
where substr(ename, pos, 1) <> ''
order by ename asc, pos asc;

 ename  | p | pos
--------+---+-----
 ADAMS  | A |   1
 ADAMS  | D |   2
 ADAMS  | A |   3
 ADAMS  | M |   4
 ADAMS  | S |   5
 ALLEN  | A |   1
 ALLEN  | L |   2
 ALLEN  | L |   3
 ALLEN  | E |   4
 ALLEN  | N |   5
 BLAKE  | B |   1
 BLAKE  | L |   2
 BLAKE  | A |   3
 BLAKE  | K |   4
 BLAKE  | E |   5
 CLARK  | C |   1
 CLARK  | L |   2
 CLARK  | A |   3
 CLARK  | R |   4
 CLARK  | K |   5
 FORD   | F |   1
 FORD   | O |   2
 FORD   | R |   3
 FORD   | D |   4
```

あとはこれを並び替えて文字列結合すれば完成。ここでは`->`を追加してわかりやすくしている。


```sql
with tmp as (
select
  ename,
  substr(ename, pos, 1) as p,
  pos
from emp
cross join 
(select pos from generate_series(1, 10) as pos) as iter
where substr(ename, pos, 1) <> ''
)
select
  ename,
  string_agg(p, '->' order by p) as sortname
from
  tmp
group by
  ename
;

 ename  |     sortname
--------+------------------
 ADAMS  | A->A->D->M->S
 ALLEN  | A->E->L->L->N
 BLAKE  | A->B->E->K->L
 CLARK  | A->C->K->L->R
 FORD   | D->F->O->R
 JAMES  | A->E->J->M->S
 JONES  | E->J->N->O->S
 KING   | G->I->K->N
 MARTIN | A->I->M->N->R->T
 MILLER | E->I->L->L->M->R
 SCOTT  | C->O->S->T->T
 SMITH  | H->I->M->S->T
 TURNER | E->N->R->R->T->U
 WARD   | A->D->R->W
(14 rows)
```

## :pencil2: その他あれば


## :pencil2: その他あれば



## :closed_book: Reference

- []()
