## :memo: Overview

ここでは下記のブログで紹介されているSQLを参考にさせていただきながら、SQLやデータベースへの理解を深める。

- [EXPLAIN EXTENDED](https://explainextended.com/)

このブログ主は、最近、一部界隈で話題となっていた[
How to create fast database queries Happy New Year: GPT in 500 lines of SQL](https://explainextended.com/2023/12/31/happy-new-year-15/)を書かれた方で、他の記事も非常に勉強になる内容のものが多い。

今回は、こちらの記事に関するものを参考にさせていただく。

- [Selecting N records for each group: PostgreSQL](https://explainextended.com/2009/04/29/selecting-n-records-for-each-group-postgresql/#more-1160)

## :floppy_disk: Database

PostgreSQL

## :bookmark: Tag

`row`, ``, 

## :pencil2: Example

今回はグループごとに先頭行を表示するSQL。これはすごく便利で、グループごとでなければすごく簡単ではあるが、グループごととなるとちょっと面倒。ぱっと思いつく方法だと`row_number()`で番号振って、表示したい行数を絞り込む方法が思いつくが、紹介されていたのはこの方法とは異なるので、実際に動かして理解を深める。
 
参照元ブログにも記載されている通り、まずは、サンプルデータを生成する。クエリは下記の通り。

```sql
CREATE TABLE t_limiter (
id INT NOT NULL PRIMARY KEY,
grouper INT NOT NULL,
ts TIMESTAMP NOT NULL,
value VARCHAR(50) NOT NULL
);
 
CREATE INDEX ix_limiter_grouper_ts_id ON t_limiter (grouper, ts, id);
 
BEGIN TRANSACTION;
 
SELECT  SETSEED(0.20090429);
 
INSERT
INTO    t_limiter (id, grouper, ts, value)
SELECT  s, s % 10,
NOW()::DATE - (RANDOM() * 1000000 || ' SECOND')::INTERVAL,
'Value ' || s
FROM    generate_series(1, 1000000) s;
 
COMMIT;
 
ANALYZE t_limiter;
```

データは下記の通りで、`grouper`というグループを識別するカラムがあり、そのグループごとに先頭行を表示させたい。

```sql
select * from t_limiter where grouper = 1 order by grouper limit 3;
 id | grouper |             ts             |  value
----+---------+----------------------------+----------
  1 |       1 | 2024-03-12 00:08:07.411113 | Value 1
 11 |       1 | 2024-03-09 08:29:27.629027 | Value 11
 21 |       1 | 2024-03-12 06:09:11.936695 | Value 21
(3 rows)

select * from t_limiter where grouper = 2 order by grouper limit 3;
 id | grouper |             ts             |  value
----+---------+----------------------------+----------
  2 |       2 | 2024-03-08 05:35:11.873591 | Value 2
 12 |       2 | 2024-03-10 17:21:03.669076 | Value 12
 22 |       2 | 2024-03-07 15:52:25.05626  | Value 22
(3 rows)

select * from t_limiter where grouper = 3 order by grouper limit 3;
 id | grouper |             ts             |  value
----+---------+----------------------------+----------
  3 |       3 | 2024-03-09 03:08:10.146866 | Value 3
 13 |       3 | 2024-03-06 01:35:10.771252 | Value 13
 23 |       3 | 2024-03-12 16:49:04.524341 | Value 23
(3 rows)
```

ぱっと思いつく方法は下記の通り。

```sql
with tmp as (
select
  *,
  row_number() over(partition by grouper order by ts asc, id asc) as ind
from 
  t_limiter
)
select * from tmp where ind <= 2;
   id   | grouper |             ts             |    value     | ind
--------+---------+----------------------------+--------------+-----
 652430 |       0 | 2024-03-05 10:13:31.070914 | Value 652430 |   1
 879640 |       0 | 2024-03-05 10:13:36.139145 | Value 879640 |   2
 929801 |       1 | 2024-03-05 10:13:32.376964 | Value 929801 |   1
 763081 |       1 | 2024-03-05 10:13:39.375441 | Value 763081 |   2
 384552 |       2 | 2024-03-05 10:13:33.337483 | Value 384552 |   1
  46732 |       2 | 2024-03-05 10:13:35.835395 | Value 46732  |   2
 690233 |       3 | 2024-03-05 10:13:39.049219 | Value 690233 |   1
  39363 |       3 | 2024-03-05 10:13:44.319483 | Value 39363  |   2
 851674 |       4 | 2024-03-05 10:13:25.974246 | Value 851674 |   1
 859994 |       4 | 2024-03-05 10:13:31.265885 | Value 859994 |   2
   6085 |       5 | 2024-03-05 10:13:22.391663 | Value 6085   |   1
 881095 |       5 | 2024-03-05 10:13:25.694444 | Value 881095 |   2
 660986 |       6 | 2024-03-05 10:13:29.275853 | Value 660986 |   1
 803096 |       6 | 2024-03-05 10:13:43.47626  | Value 803096 |   2
 156037 |       7 | 2024-03-05 10:13:33.738189 | Value 156037 |   1
 883417 |       7 | 2024-03-05 10:13:46.849142 | Value 883417 |   2
 420998 |       8 | 2024-03-05 10:13:32.471879 | Value 420998 |   1
 499968 |       8 | 2024-03-05 10:13:36.187704 | Value 499968 |   2
  99499 |       9 | 2024-03-05 10:13:21.918183 | Value 99499  |   1
 860289 |       9 | 2024-03-05 10:13:22.040125 | Value 860289 |   2
(20 rows)
```

ブログに記載されていたSQLはこちら。ちなみにこのクエリは爆速なので、びっくりした。そして、えっそんな方法もあるの？という衝撃的な内容だった。

```sql
with dlo as (
    select grouper,
           (
               select li
               from t_limiter li
               where li.grouper = dl.grouper
               order by grouper, ts, id
               offset 2 limit 1
           ) as mid
    from (
             select grouper
             from t_limiter
             group by grouper
         ) as dl
)
select l.*
from t_limiter l
join dlo 
on l.grouper = dlo.grouper
  and row(l.ts, l.id) < row(coalesce((dlo.mid).ts, 'infinity'::timestamp), (dlo.mid).id);

   id   | grouper |             ts             |    value
--------+---------+----------------------------+--------------
 652430 |       0 | 2024-03-05 10:13:31.070914 | Value 652430
 879640 |       0 | 2024-03-05 10:13:36.139145 | Value 879640
 929801 |       1 | 2024-03-05 10:13:32.376964 | Value 929801
 763081 |       1 | 2024-03-05 10:13:39.375441 | Value 763081
 384552 |       2 | 2024-03-05 10:13:33.337483 | Value 384552
  46732 |       2 | 2024-03-05 10:13:35.835395 | Value 46732
 690233 |       3 | 2024-03-05 10:13:39.049219 | Value 690233
  39363 |       3 | 2024-03-05 10:13:44.319483 | Value 39363
 851674 |       4 | 2024-03-05 10:13:25.974246 | Value 851674
 859994 |       4 | 2024-03-05 10:13:31.265885 | Value 859994
   6085 |       5 | 2024-03-05 10:13:22.391663 | Value 6085
 881095 |       5 | 2024-03-05 10:13:25.694444 | Value 881095
 660986 |       6 | 2024-03-05 10:13:29.275853 | Value 660986
 803096 |       6 | 2024-03-05 10:13:43.47626  | Value 803096
 156037 |       7 | 2024-03-05 10:13:33.738189 | Value 156037
 883417 |       7 | 2024-03-05 10:13:46.849142 | Value 883417
 420998 |       8 | 2024-03-05 10:13:32.471879 | Value 420998
 499968 |       8 | 2024-03-05 10:13:36.187704 | Value 499968
  99499 |       9 | 2024-03-05 10:13:21.918183 | Value 99499
 860289 |       9 | 2024-03-05 10:13:22.040125 | Value 860289
(20 rows)
```

順を追って確認する。まずはサブクエリの部分で、これは`grouper`をユニークにしている。

```sql
select grouper
from t_limiter
group by grouper;

 grouper
---------
       0
       1
       2
       3
       4
       5
       6
       7
       8
       9
(10 rows)
```

次に、このユニークにした`grouper`テーブルを利用して、PostgreSQLには、テーブルから行全体を1つの列として扱う方法があるので、これを利用する。

```sql
select li
from t_limiter as li
order by grouper, ts, id
offset 2 limit 1
;
                           li
--------------------------------------------------------
 (778220,0,"2024-03-05 10:13:41.748538","Value 778220")
(1 row)
```

そして、指定の並び順(`order by grouper, ts, id`)に並び替えたテーブルに対して、相関サブクエリを利用して各`grouper`に対して、レコードを紐づける。ここでは、各グループで2行ほしいので、`offset 2 limit 1`で3行目を取得する。この理由は後でわかる。

```sql
with dlo as (
    select grouper,
           (
               select li
               from t_limiter li
               where li.grouper = dl.grouper
               order by grouper, ts, id
               offset 2 limit 1
           ) as mid
    from (
             select grouper
             from t_limiter
             group by grouper
         ) as dl
)
select * from dlo;

 grouper |                          mid
---------+--------------------------------------------------------
       0 | (778220,0,"2024-03-05 10:13:41.748538","Value 778220")
       1 | (616711,1,"2024-03-05 10:13:43.559485","Value 616711")
       2 | (101512,2,"2024-03-05 10:13:40.518156","Value 101512")
       3 | (510683,3,"2024-03-05 10:14:15.522755","Value 510683")
       4 | (530584,4,"2024-03-05 10:14:11.681343","Value 530584")
       5 | (858295,5,"2024-03-05 10:13:30.05114","Value 858295")
       6 | (270616,6,"2024-03-05 10:13:57.071736","Value 270616")
       7 | (288917,7,"2024-03-05 10:13:47.559567","Value 288917")
       8 | (178398,8,"2024-03-05 10:13:47.438028","Value 178398")
       9 | (60659,9,"2024-03-05 10:13:32.88247","Value 60659")
(10 rows)
```

最後に比較しておしまいではあるが、`row(l.ts, l.id) < row(coalesce((dlo.mid).ts, 'infinity'::timestamp), (dlo.mid).id)`の部分がきになる。これは、2つのカラムを比較しており、`row()`関数は、複数の列値を1つの列にまとめる。そして、まとめた列を行ごとに比較することで、大小関係を判定する。`<`演算子なので、2つの行を比較して、左側の行が右側の行よりも小さいかどうかを判定しているので、`l.ts`と`l.id`が`(dlo.mid).ts`と`(dlo.mid).id`よりも小さい場合に、条件を満たす行が選択される。ここでは、各グループで2行ほしいので、`offset 2 limit 1`で3行目を取得していた。

```sql
with dlo as (
    select grouper,
           (
               select li
               from t_limiter li
               where li.grouper = dl.grouper
               order by grouper, ts, id
               offset 2 limit 1
           ) as mid
    from (
             select grouper
             from t_limiter
             group by grouper
         ) as dl
)
select l.*
from t_limiter as l
join dlo 
on l.grouper = dlo.grouper
  -- and row(l.ts, l.id) < row(coalesce((dlo.mid).ts, 'infinity'::timestamp), (dlo.mid).id);
  and row(l.ts, l.id) < row((dlo.mid).ts, (dlo.mid).id);

     id   | grouper |             ts             |    value
--------+---------+----------------------------+--------------
 652430 |       0 | 2024-03-05 10:13:31.070914 | Value 652430
 879640 |       0 | 2024-03-05 10:13:36.139145 | Value 879640
 929801 |       1 | 2024-03-05 10:13:32.376964 | Value 929801
 763081 |       1 | 2024-03-05 10:13:39.375441 | Value 763081
 384552 |       2 | 2024-03-05 10:13:33.337483 | Value 384552
  46732 |       2 | 2024-03-05 10:13:35.835395 | Value 46732
 690233 |       3 | 2024-03-05 10:13:39.049219 | Value 690233
  39363 |       3 | 2024-03-05 10:13:44.319483 | Value 39363
 851674 |       4 | 2024-03-05 10:13:25.974246 | Value 851674
 859994 |       4 | 2024-03-05 10:13:31.265885 | Value 859994
   6085 |       5 | 2024-03-05 10:13:22.391663 | Value 6085
 881095 |       5 | 2024-03-05 10:13:25.694444 | Value 881095
 660986 |       6 | 2024-03-05 10:13:29.275853 | Value 660986
 803096 |       6 | 2024-03-05 10:13:43.47626  | Value 803096
 156037 |       7 | 2024-03-05 10:13:33.738189 | Value 156037
 883417 |       7 | 2024-03-05 10:13:46.849142 | Value 883417
 420998 |       8 | 2024-03-05 10:13:32.471879 | Value 420998
 499968 |       8 | 2024-03-05 10:13:36.187704 | Value 499968
  99499 |       9 | 2024-03-05 10:13:21.918183 | Value 99499
 860289 |       9 | 2024-03-05 10:13:22.040125 | Value 860289
(20 rows)
```

下記は`offset`や`row()`関数の簡単な例である。

```sql
select id from t10;
 id
----
  1
  2
  3
  4
  5
  6
  7
  8
  9
 10
(10 rows)

select id from t10 offset 2 limit 1;

 id
----
  3
(1 row)

select id from t10 offset 2;
 id
----
  3
  4
  5
  6
  7
  8
  9
 10
(8 rows)

select e from emp as e;
                          e
-----------------------------------------------------
 (7369,SMITH,CLERK,7902,1980-12-17,800,,20)
 (7499,ALLEN,SALESMAN,7698,1981-02-20,1600,300,30)
 (7521,WARD,SALESMAN,7698,1981-02-22,1250,500,30)
 (7566,JONES,MANAGER,7839,1981-04-02,2975,,20)
 (7654,MARTIN,SALESMAN,7698,1981-09-28,1250,1400,30)
 (7698,BLAKE,MANAGER,7839,1981-05-01,2850,,30)
 (7782,CLARK,MANAGER,7839,1981-06-09,2450,,10)
 (7788,SCOTT,ANALYST,7566,1982-12-09,3000,,20)
 (7839,KING,PRESIDENT,,1981-11-17,5000,,10)
 (7844,TURNER,SALESMAN,7698,1981-09-08,1500,0,30)
 (7876,ADAMS,CLERK,7788,1983-01-12,1100,,20)
 (7900,JAMES,CLERK,7698,1981-12-03,950,,30)
 (7902,FORD,ANALYST,7566,1981-12-03,3000,,20)
 (7934,MILLER,CLERK,7782,1982-01-23,1300,,10)
(14 rows)

select row(empno, ename) from emp;

     row
---------------
 (7369,SMITH)
 (7499,ALLEN)
 (7521,WARD)
 (7566,JONES)
 (7654,MARTIN)
 (7698,BLAKE)
 (7782,CLARK)
 (7788,SCOTT)
 (7839,KING)
 (7844,TURNER)
 (7876,ADAMS)
 (7900,JAMES)
 (7902,FORD)
 (7934,MILLER)
(14 rows)
```

## :closed_book: Reference

- [EXPLAIN EXTENDED](https://explainextended.com/)





